id,Strength
5407,47.743973173552874
5408,19.842911359709664
5409,34.30381475321168
5410,46.62667725071626
5411,33.44014532130207
5412,39.29445112712596
5413,34.953159569254254
5414,22.05774756132825
5415,43.42700738144791
5416,39.62642314349104
5417,41.59021863739625
5418,53.18419099789196
5419,41.44683684712581
5420,45.05779815214389
5421,33.01560484248595
5422,25.720459180904122
5423,49.2222873697278
5424,46.275424721947125
5425,38.66484429218218
5426,50.76861371580098
5427,15.916279350301945
5428,18.96555601090446
5429,17.272165514807433
5430,24.950694484996365
5431,20.656511387305944
5432,46.813307228019596
5433,18.433438415046915
5434,40.38130578852154
5435,40.03431927741968
5436,35.61384258396413
5437,40.798152274508276
5438,31.812505817104125
5439,46.80680342335451
5440,35.61760948858191
5441,18.689808709419015
5442,40.482074490609094
5443,34.96671177524926
5444,36.64672740968165
5445,19.406145756284236
5446,41.04719308440841
5447,39.947494673902916
5448,18.182363982609168
5449,51.25331378678426
5450,40.14737173670427
5451,48.87682216814423
5452,22.94605281533873
5453,34.415328866302914
5454,35.93620087645744
5455,40.39775203084605
5456,35.91341621817907
5457,20.69823720380013
5458,35.936850136318256
5459,25.819555494418957
5460,32.604061780652714
5461,27.20019503126491
5462,23.460241677064538
5463,37.217559012310204
5464,35.37580503163931
5465,47.1510815760247
5466,44.98021999494274
5467,40.944952826725704
5468,15.754456091164585
5469,36.25355435597865
5470,16.080261113004838
5471,33.9100407941293
5472,31.42730471841861
5473,24.363243582391867
5474,45.837347747856036
5475,19.778225672995102
5476,46.678997855512115
5477,44.08028865350984
5478,37.600375661166126
5479,21.927914120343715
5480,39.143051454363764
5481,38.271646920068065
5482,36.19823585345541
5483,35.19841499555927
5484,40.02027031076908
5485,46.503014475068944
5486,49.043501037163104
5487,41.78647309264951
5488,39.914806253868214
5489,47.09574017640985
5490,40.01666814753689
5491,19.01697655890907
5492,47.9766804236796
5493,34.11731354781421
5494,41.05929554696038
5495,26.437134618252024
5496,39.24850806628159
5497,37.95848649662548
5498,40.704708681932345
5499,46.86702054854364
5500,35.49502167842624
5501,27.504895764689742
5502,39.66342520121548
5503,17.16461797370896
5504,51.68565628013671
5505,36.44809807034428
5506,39.914616317216925
5507,41.84455746154003
5508,35.95104886236126
5509,39.93602908691447
5510,47.76889177669703
5511,40.29509775750819
5512,19.20451521377182
5513,45.76162671177703
5514,15.056397044569223
5515,38.79643879855813
5516,51.25331378678426
5517,36.74551896937051
5518,40.94053779764043
5519,19.31506982645295
5520,46.813307228019596
5521,39.2179398843016
5522,33.49514291583531
5523,40.26559558760349
5524,15.061698702244206
5525,31.337033412409426
5526,15.00439213465317
5527,35.57191751959198
5528,29.185999186820112
5529,49.320650450330525
5530,40.19621820639997
5531,46.251413891509934
5532,55.02233526423011
5533,26.414036584711248
5534,44.751891237709
5535,14.39915355284011
5536,49.54792267527459
5537,15.590776644042458
5538,40.98643249262891
5539,18.348000977607633
5540,21.859839915052834
5541,41.242943489473184
5542,21.04458869504663
5543,55.28787877062715
5544,19.84877391676161
5545,35.54889315224298
5546,43.62884665511452
5547,29.663471852743424
5548,32.01815299097359
5549,26.693050229484168
5550,34.87646080183738
5551,34.48281412304907
5552,16.09100669209689
5553,38.293216961475224
5554,15.21623424263368
5555,45.68300079867144
5556,35.37580503163931
5557,41.04719308440841
5558,20.679802849843234
5559,49.34561209475372
5560,19.092139375075522
5561,34.48281412304907
5562,47.26540770229708
5563,35.61384258396413
5564,40.029717173445874
5565,42.23407324589245
5566,33.850975294290706
5567,30.508636707228913
5568,46.32385076449829
5569,46.500345688383405
5570,33.50168556132174
5571,15.990207647140792
5572,20.963924425455637
5573,35.936850136318256
5574,36.71857210729572
5575,16.091216360077443
5576,35.185515846431755
5577,37.63116891515418
5578,35.978925626396176
5579,40.681877255867164
5580,35.296767390878685
5581,39.947494673902916
5582,27.10357900079877
5583,40.681877255867164
5584,43.18472473637401
5585,47.61962500887689
5586,20.693289416380377
5587,46.27367990927961
5588,20.12351654765377
5589,19.95006500364061
5590,42.33757492608213
5591,51.28251604619044
5592,39.674928662113736
5593,40.18805081798227
5594,39.947494673902916
5595,39.570734550542404
5596,50.98920486355488
5597,35.549926482947974
5598,42.77610285636958
5599,19.656741079507846
5600,15.818904602212758
5601,39.973176604103
5602,41.200878149199696
5603,37.16197514256936
5604,35.172563097614706
5605,18.80424792529645
5606,36.64672740968165
5607,34.19497776142444
5608,43.45591705589976
5609,35.89041968535325
5610,35.577725960776704
5611,34.193352604254656
5612,39.53889265590107
5613,19.366781238041636
5614,35.943563039734606
5615,34.527567067487084
5616,19.254978786792833
5617,40.654519859794526
5618,23.164489498709642
5619,19.467354938287336
5620,48.75039063475158
5621,27.51758222864362
5622,47.74687554569512
5623,19.95883949848298
5624,16.586473047489424
5625,34.11731354781421
5626,35.49502167842624
5627,51.28251604619044
5628,26.087316064695322
5629,42.99544991096136
5630,40.077733046648106
5631,53.11141357242749
5632,39.68098981452442
5633,36.53754856543268
5634,28.066013780008028
5635,17.288004763609326
5636,20.963924425455637
5637,35.462059424390624
5638,35.46096505498374
5639,38.84312463939799
5640,38.862153863138204
5641,19.95006500364061
5642,40.00179422457823
5643,20.284126402785937
5644,45.714274914976095
5645,46.79420801959501
5646,25.530783289301162
5647,38.79643879855813
5648,27.252711737250053
5649,37.06200122588781
5650,40.87952506054491
5651,36.45158293630658
5652,43.66079685874835
5653,36.53754856543268
5654,52.45687950009793
5655,34.687712128276715
5656,20.35408914339651
5657,41.97091754882324
5658,23.400986520638625
5659,20.352480052571867
5660,40.40751032520372
5661,39.559366052900174
5662,46.597491220580466
5663,36.554013285119346
5664,46.55586516207768
5665,46.813307228019596
5666,24.90989717987253
5667,15.092958825733358
5668,34.144539768721515
5669,19.47646155663491
5670,18.825485789025855
5671,34.70967223384075
5672,43.72002251098006
5673,16.09100669209689
5674,16.94648579001548
5675,19.442428221809195
5676,41.44683684712581
5677,40.02027031076908
5678,47.9766804236796
5679,18.756390717682184
5680,40.40777613176154
5681,32.953211267348294
5682,40.87490535705358
5683,38.123834737415216
5684,59.51136011746345
5685,39.79303382349637
5686,35.511689481549965
5687,40.87049547383383
5688,41.851460018277706
5689,47.3256535547103
5690,42.67248684524889
5691,46.071117363642465
5692,46.17552631965023
5693,41.44683684712581
5694,23.644160719909173
5695,34.69792796831893
5696,40.23491277837915
5697,34.12088870975073
5698,47.139723051203475
5699,45.788646816136286
5700,35.23039879751031
5701,25.638347597474542
5702,36.171721018353416
5703,18.80424792529645
5704,26.59355009059039
5705,46.39005721328065
5706,57.453173384408345
5707,51.28251604619044
5708,41.67782373381131
5709,45.30082588491019
5710,39.71909627058511
5711,28.174341313013144
5712,26.218968760082777
5713,46.813307228019596
5714,51.97937024360029
5715,22.648906587540175
5716,25.911613130600642
5717,33.46251815840123
5718,35.941436203803384
5719,35.585249290283464
5720,47.74687554569512
5721,49.527072200597175
5722,15.495225280783297
5723,46.203733097323166
5724,34.88330363283156
5725,35.655468251876854
5726,17.066736261415617
5727,43.66242099290588
5728,17.51905821687804
5729,40.681877255867164
5730,40.356048997157835
5731,46.90769224573061
5732,20.552221244820586
5733,39.441687208844826
5734,38.86735627945107
5735,24.38450912395258
5736,40.87049547383383
5737,18.5350624763539
5738,44.710511449859645
5739,49.269304736217855
5740,32.50183835318279
5741,27.252711737250053
5742,40.1442182643825
5743,26.0021621005719
5744,19.76195499981013
5745,41.44683684712581
5746,35.576717753344376
5747,46.26952258245677
5748,38.461770793331155
5749,39.24927996583669
5750,36.39675387387946
5751,25.229333742675944
5752,35.92964732473667
5753,28.29977770783957
5754,14.983505187923015
5755,58.198001745178544
5756,39.143051454363764
5757,40.39775203084605
5758,26.693050229484168
5759,35.037820279908416
5760,20.12351654765377
5761,36.260345111273715
5762,23.249429302245428
5763,19.65111574558526
5764,49.20772179053337
5765,16.09100669209689
5766,20.41678434787493
5767,29.656139844815108
5768,19.74682902263001
5769,41.01726259900906
5770,39.14118974922551
5771,17.655064348529308
5772,40.944952826725704
5773,15.833272271083871
5774,39.22569310900393
5775,39.68098981452442
5776,34.11140047073664
5777,43.99294912074616
5778,20.399551469675902
5779,40.61751669518072
5780,41.87503532365359
5781,15.977768621248675
5782,46.11108075088137
5783,37.87579977185518
5784,35.34056540193122
5785,47.3256535547103
5786,20.541418382377497
5787,40.19621820639997
5788,34.367354390954674
5789,47.12803441515117
5790,15.170504083307453
5791,19.305444537264155
5792,24.80420142837025
5793,16.09100669209689
5794,39.800416970720406
5795,41.44683684712581
5796,46.11108075088137
5797,41.89654747960354
5798,45.92545951787357
5799,20.080001856300402
5800,24.947663533793417
5801,23.720627761925847
5802,44.725714307182976
5803,43.14892332880152
5804,40.681877255867164
5805,36.87408497532887
5806,20.963924425455637
5807,38.52552434299285
5808,56.55719312481125
5809,34.11140047073664
5810,25.638347597474542
5811,33.85641578558085
5812,43.553699479213854
5813,47.37858710729564
5814,35.89290999690394
5815,34.12088870975073
5816,40.02027031076908
5817,45.77682023275939
5818,19.305444537264155
5819,40.22810613720769
5820,40.00179422457823
5821,34.22388018502354
5822,34.24799289492916
5823,36.18715661193003
5824,35.292287590236725
5825,44.53280491558379
5826,28.728910410631567
5827,19.263708964661078
5828,47.74687554569512
5829,19.37999619760879
5830,19.20451521377182
5831,41.01917186362602
5832,19.467354938287336
5833,46.14817977985655
5834,31.012984959672036
5835,39.947494673902916
5836,33.00610241460706
5837,35.50561749686169
5838,39.914806253868214
5839,19.65111574558526
5840,39.12692553074388
5841,45.05310877419906
5842,43.990537129194934
5843,35.37580503163931
5844,58.4368720447369
5845,25.819555494418957
5846,35.61384258396413
5847,36.0300213435015
5848,35.80719490154655
5849,41.374849611281505
5850,19.20451521377182
5851,29.68049012500554
5852,36.82320814923187
5853,45.34761395083312
5854,36.03532133480977
5855,20.09944843576712
5856,39.2174017955816
5857,35.49502167842624
5858,45.1024530449229
5859,20.50042039457832
5860,35.49502167842624
5861,43.99180328809885
5862,46.31177855262882
5863,34.12088870975073
5864,41.93422730112016
5865,27.47710267462215
5866,42.232976828761494
5867,43.53586905292975
5868,42.73284667836727
5869,14.997009902241018
5870,18.9128170964618
5871,38.25457232894131
5872,20.469385217040227
5873,35.23880148894578
5874,40.181015094211794
5875,22.604345510603213
5876,48.61852126003936
5877,44.48382032863833
5878,31.47623702451965
5879,19.188417042830686
5880,49.527072200597175
5881,14.926080577136725
5882,35.61384258396413
5883,50.17036604042571
5884,40.324913697933546
5885,37.37263560375397
5886,38.137339755535855
5887,34.48281412304907
5888,40.26559558760349
5889,35.93237434757346
5890,41.02925578127593
5891,47.96226351292565
5892,27.078438013678618
5893,45.256460094588775
5894,46.21752605693117
5895,41.47246703028028
5896,18.697283049722927
5897,56.3960510000603
5898,23.460241677064538
5899,45.77682023275939
5900,37.98068556260887
5901,14.961969057803794
5902,49.77302358222166
5903,37.744014074863024
5904,46.01378267420601
5905,31.3232267493678
5906,47.74687554569512
5907,35.124303047216905
5908,34.12088870975073
5909,40.356048997157835
5910,45.48349255747719
5911,49.77302358222166
5912,40.356048997157835
5913,55.715698086409475
5914,40.356048997157835
5915,40.6674295896059
5916,19.879756272187702
5917,36.85720810942197
5918,36.492681100817585
5919,34.11731354781421
5920,40.42716578130354
5921,49.2222873697278
5922,40.37692700827249
5923,20.002808807578198
5924,41.05929554696038
5925,35.67008606077134
5926,36.14348362655559
5927,37.9829599783185
5928,35.49502167842624
5929,43.4606972879872
5930,19.23519259140024
5931,24.722784008356538
5932,24.3148804887547
5933,34.83037258346299
5934,47.67598222071607
5935,33.388957676677464
5936,40.499295117345795
5937,22.604345510603213
5938,52.429943442121576
5939,33.45404430792104
5940,40.944952826725704
5941,33.78944078662894
5942,45.591910715477354
5943,46.76110563053014
5944,46.470472217267265
5945,40.5903553552049
5946,36.26981169351525
5947,48.85882933100861
5948,37.647575167629554
5949,22.604345510603213
5950,44.370480401855616
5951,19.792251905263935
5952,43.10893008674772
5953,35.39894591924772
5954,47.9766804236796
5955,20.703566212374003
5956,38.23725270896361
5957,35.81127905777976
5958,17.429805082218046
5959,28.266519329411448
5960,40.39775203084605
5961,42.77610285636958
5962,19.75166287311733
5963,33.01560484248595
5964,40.62136448202669
5965,20.107946327309456
5966,35.96041102991334
5967,28.763747482596187
5968,38.09988916796368
5969,40.27350956438494
5970,23.585111170922254
5971,46.643554402980044
5972,43.153891224059834
5973,41.72860644360104
5974,17.78924780048209
5975,19.204368701289347
5976,43.20096468918335
5977,40.356048997157835
5978,34.70812564247701
5979,18.907862014843992
5980,33.02693018953936
5981,25.720459180904122
5982,35.185515846431755
5983,29.68049012500554
5984,55.10379283975785
5985,40.00179422457823
5986,35.93620087645744
5987,40.87049547383383
5988,43.66242099290588
5989,16.094549275335233
5990,41.45349853158007
5991,46.127981569952546
5992,40.07262938575411
5993,41.53163777838958
5994,20.703566212374003
5995,35.93051961628723
5996,48.56326226025528
5997,20.39594476228038
5998,19.20451521377182
5999,20.12351654765377
6000,44.37031885719837
6001,43.153891224059834
6002,41.6373932580565
6003,29.16997021039207
6004,34.48281412304907
6005,29.19951037523644
6006,45.64523079195625
6007,21.073653556490775
6008,47.206310133185646
6009,34.61818744179185
6010,20.39780184098296
6011,15.21205070287568
6012,48.36664902121903
6013,44.27191026344586
6014,59.1769485584129
6015,18.348000977607633
6016,20.35408914339651
6017,40.45889509378734
6018,42.12706498246336
6019,15.155826785249946
6020,34.837630225892134
6021,18.689808709419015
6022,35.113680085734174
6023,26.087316064695322
6024,49.527072200597175
6025,38.25513308281709
6026,41.44683684712581
6027,39.22569310900393
6028,21.24224524182583
6029,22.670658548433718
6030,17.272165514807433
6031,43.027864692359024
6032,30.508636707228913
6033,46.337977992818786
6034,36.86319682229596
6035,49.168687987078826
6036,39.947494673902916
6037,39.082150084271554
6038,38.79643879855813
6039,48.953646921817985
6040,30.21890279658415
6041,54.731856623204976
6042,45.416161759974145
6043,47.83566374559301
6044,20.945543304849732
6045,41.52591070115692
6046,39.17421688722513
6047,48.42533230923043
6048,39.867892304817474
6049,35.489171834976155
6050,46.20212124774139
6051,32.719589997717186
6052,40.14737173670427
6053,33.994053025670304
6054,24.317132834688216
6055,39.63393651855901
6056,46.643554402980044
6057,22.73692554193249
6058,34.01865775272477
6059,23.460241677064538
6060,26.67587924470131
6061,36.53754856543268
6062,33.816160677015134
6063,15.148689838696445
6064,44.07017926351561
6065,53.50933923806574
6066,24.260451616801088
6067,35.54889315224298
6068,35.90959324364486
6069,39.2179398843016
6070,41.14988799135328
6071,34.11896946901618
6072,17.66929821362276
6073,15.623834577294115
6074,34.53598304406591
6075,15.159754258554031
6076,51.66666684684494
6077,39.84097596207624
6078,34.12088870975073
6079,39.66789932840608
6080,41.87503532365359
6081,38.01881165136293
6082,35.66527116912325
6083,30.494241193285518
6084,21.24224524182583
6085,59.49969613359362
6086,33.279511054040434
6087,19.73123265685142
6088,34.17206858473156
6089,27.3131022123614
6090,40.845761498721075
6091,42.77610285636958
6092,34.412047127408556
6093,42.56651494183965
6094,49.527072200597175
6095,35.71457498946483
6096,46.137635019720264
6097,45.804832312699695
6098,39.664149418957045
6099,38.49049597192462
6100,40.731192061302636
6101,24.482891954230496
6102,46.865855907951996
6103,35.7521215115537
6104,40.155509798275816
6105,36.984814810815955
6106,34.035848717680175
6107,47.56265604961065
6108,41.34442644314356
6109,15.155826785249946
6110,43.25066230937203
6111,41.30835465401043
6112,49.58058876487205
6113,16.126658412769224
6114,49.18729471620993
6115,20.541418382377497
6116,18.679875343977166
6117,45.52888205713392
6118,42.523489623070574
6119,33.806002694362576
6120,20.552221244820586
6121,53.253025454341966
6122,39.68098981452442
6123,18.80424792529645
6124,19.233853829156317
6125,58.29877498881102
6126,34.4374927008078
6127,41.04719308440841
6128,41.62776180122849
6129,27.4862392148814
6130,33.52163444787862
6131,40.356048997157835
6132,15.559570095913845
6133,30.508636707228913
6134,32.299460449522016
6135,40.209502063209854
6136,35.67008606077134
6137,20.002808807578198
6138,16.059186312361994
6139,40.1810420187913
6140,46.643554402980044
6141,36.200772044826635
6142,58.29877498881102
6143,18.633514060007876
6144,23.183473673500373
6145,45.1705524778144
6146,55.109563963970025
6147,35.185515846431755
6148,34.367354390954674
6149,35.37580503163931
6150,23.24906540928443
6151,46.22023590423572
6152,16.09100669209689
6153,48.527711160532974
6154,43.75522244996666
6155,46.24728483929575
6156,43.93234522679507
6157,27.444586845231765
6158,44.75425035171924
6159,34.035848717680175
6160,51.399814921400605
6161,45.78672918101298
6162,35.15474867552917
6163,33.787933029049526
6164,45.34761395083312
6165,23.164489498709642
6166,40.90776336740272
6167,39.947494673902916
6168,36.88353561782011
6169,25.451392662006647
6170,38.879578189918334
6171,15.559570095913845
6172,39.21431809028432
6173,33.52163444787862
6174,23.460241677064538
6175,35.185515846431755
6176,36.49769514970482
6177,50.477604712079014
6178,32.58859167947473
6179,18.348000977607633
6180,35.936850136318256
6181,41.77757112099038
6182,40.29352596728616
6183,40.874601866720965
6184,19.735103770962393
6185,39.143051454363764
6186,28.008546732114638
6187,40.00179422457823
6188,40.407300132365755
6189,35.12437166548807
6190,39.87458463112479
6191,25.720459180904122
6192,34.24799289492916
6193,39.57738355089143
6194,39.947494673902916
6195,40.446507928796734
6196,40.450927304636345
6197,36.32597687529715
6198,52.44766938343448
6199,20.703566212374003
6200,38.23049781430576
6201,36.162764214583966
6202,35.585249290283464
6203,34.11731354781421
6204,38.27542690677468
6205,46.47438543956018
6206,45.57057878537045
6207,35.92964732473667
6208,35.549926482947974
6209,35.549926482947974
6210,40.55676603583285
6211,50.034369449702886
6212,48.40120857511779
6213,15.988527088115358
6214,47.74687554569512
6215,37.87989887786309
6216,31.00763184418028
6217,47.60736948162863
6218,46.155667473405046
6219,45.256460094588775
6220,51.725537551319505
6221,35.65299267773288
6222,47.23517295119029
6223,46.597491220580466
6224,49.03380558691687
6225,37.60701325008323
6226,49.44089377519994
6227,16.186565008464918
6228,34.24799289492916
6229,15.694485693315055
6230,41.04719308440841
6231,35.84557655231009
6232,15.094784912967421
6233,33.96174056828674
6234,37.58062958084796
6235,38.19019229689255
6236,37.87579977185518
6237,46.55586516207768
6238,34.19851110259311
6239,35.446972476022935
6240,34.09606654372917
6241,18.761874609425508
6242,37.29482820930083
6243,19.467354938287336
6244,46.86318367115085
6245,49.39300701177008
6246,38.862153863138204
6247,35.69610099201783
6248,32.14413845753783
6249,34.85927724737611
6250,28.4126566512811
6251,49.77302358222166
6252,49.53750175042883
6253,54.64699457697213
6254,38.65472148849171
6255,34.11938021783867
6256,36.23993306315059
6257,27.317909773325972
6258,37.80458267859937
6259,33.333248145075245
6260,20.541418382377497
6261,37.75936901219209
6262,39.433088679239255
6263,19.234788106256623
6264,40.09784653204072
6265,40.48470569691196
6266,39.57073880368317
6267,39.68098981452442
6268,21.00822584435226
6269,36.81875304969369
6270,31.3232267493678
6271,19.144885951141948
6272,44.710511449859645
6273,36.592942289213376
6274,16.355706341871272
6275,37.15288759274775
6276,19.52124255889209
6277,19.38151958652533
6278,22.088091650234084
6279,19.62245248281249
6280,39.14838980369484
6281,30.03478070340205
6282,45.05077895737216
6283,38.66868090595584
6284,25.525427566402975
6285,49.39300701177008
6286,21.612136363652258
6287,39.92739324366431
6288,35.37776034642121
6289,47.34469593849708
6290,43.950365693422704
6291,44.34633278859695
6292,19.305444537264155
6293,40.14737173670427
6294,51.25331378678426
6295,38.224456748048894
6296,37.49109767659538
6297,35.730478493727574
6298,38.37529099421058
6299,42.87906430586342
6300,18.825485789025855
6301,16.027415265315135
6302,35.70474195171912
6303,19.467354938287336
6304,51.25331378678426
6305,39.973176604103
6306,26.271077710504926
6307,35.585249290283464
6308,44.710511449859645
6309,42.77610285636958
6310,45.72678024179673
6311,31.00763184418028
6312,40.681877255867164
6313,46.54727631027575
6314,45.77682023275939
6315,34.13854805149008
6316,27.476234766938273
6317,41.44683684712581
6318,26.2983882160191
6319,43.325560096575686
6320,48.76587934581665
6321,38.955865417098394
6322,43.950365693422704
6323,24.781557214416075
6324,41.04719308440841
6325,39.66716101705471
6326,27.15012437231178
6327,16.97751030022703
6328,45.34761395083312
6329,19.00897412584791
6330,17.68476469868714
6331,32.69314280495401
6332,35.791213539272434
6333,27.159813370931033
6334,42.00589657926038
6335,28.931711377994667
6336,19.32220424482751
6337,24.80420142837025
6338,31.3232267493678
6339,17.657258742715612
6340,40.570791836822345
6341,40.23257201412273
6342,33.14438786889475
6343,47.092204014447496
6344,18.3073688226623
6345,46.11108075088137
6346,36.159861967004375
6347,41.03938387857173
6348,33.606619944415726
6349,23.818524671136004
6350,43.292375450327214
6351,24.370071870345114
6352,39.68348659298964
6353,18.28779390234485
6354,39.67033248940907
6355,35.390100904801066
6356,46.85486846914888
6357,24.509055114552233
6358,40.01666814753689
6359,27.252711737250053
6360,40.29352596728616
6361,33.52163444787862
6362,40.944952826725704
6363,35.739177479467884
6364,56.36586319233014
6365,30.03478070340205
6366,40.00179422457823
6367,24.781557214416075
6368,39.914806253868214
6369,23.644160719909173
6370,43.3466745293925
6371,39.25678013005673
6372,41.87503532365359
6373,17.58399062964384
6374,36.239948418924044
6375,28.82102331659014
6376,48.73409350576425
6377,19.305444537264155
6378,47.205152493040046
6379,34.48955120119874
6380,51.28251604619044
6381,44.08028865350984
6382,38.68300740621153
6383,55.09148002545858
6384,40.45889509378734
6385,36.954367825379045
6386,16.070067306988616
6387,41.87503532365359
6388,19.673300214803934
6389,18.396666355520352
6390,47.80333759919861
6391,48.50900515951482
6392,44.955141540584194
6393,39.52871125545597
6394,44.804185391497484
6395,27.08318548719607
6396,47.54190602380065
6397,40.39775203084605
6398,18.46030740090928
6399,48.52761908425594
6400,44.08028865350984
6401,41.76731262905316
6402,41.682723309817526
6403,46.194569689654315
6404,36.04777619580911
6405,39.14838980369484
6406,18.348000977607633
6407,31.670744068039482
6408,25.092633236664735
6409,19.305444537264155
6410,26.864016952350863
6411,34.906616673888166
6412,19.80914434606796
6413,39.246913253417894
6414,35.31738891904848
6415,47.50382527406971
6416,40.12273295036133
6417,40.397961240265694
6418,16.09100669209689
6419,34.38707507370029
6420,21.15123745315136
6421,35.549926482947974
6422,55.432210618567886
6423,23.818524671136004
6424,23.64976621879966
6425,39.98724076894666
6426,41.78647309264951
6427,55.63529254893565
6428,36.34182198742997
6429,41.78647309264951
6430,26.516075928979426
6431,37.7836572447941
6432,45.85094444795368
6433,40.08912313086477
6434,40.27350956438494
6435,40.45889509378734
6436,22.088091650234084
6437,47.74687554569512
6438,24.477393042508087
6439,43.06927933674933
6440,55.67979659127337
6441,22.683500054923297
6442,34.035848717680175
6443,25.799067214871172
6444,34.51802456336516
6445,34.774395719909336
6446,18.5350624763539
6447,21.05910238706529
6448,35.936850136318256
6449,38.21283733111256
6450,36.67837848378615
6451,46.643554402980044
6452,42.34402985577806
6453,27.320696284377874
6454,45.50159998307986
6455,19.467076376669475
6456,41.92735776343862
6457,37.22785090591644
6458,23.644160719909173
6459,20.627708627330996
6460,47.27869947341962
6461,41.44683684712581
6462,35.449177113876736
6463,16.689486583979065
6464,33.52163444787862
6465,34.45675444082226
6466,38.410374820169075
6467,34.48281412304907
6468,21.766640438560355
6469,40.012262625587994
6470,47.47493942486125
6471,48.621706074815926
6472,15.683259520003162
6473,37.90898801301215
6474,34.22388018502354
6475,38.19019229689255
6476,46.643554402980044
6477,38.68300740621153
6478,35.185515846431755
6479,29.940986728352375
6480,40.01666814753689
6481,24.556285443231722
6482,38.595297473999025
6483,23.82416025464702
6484,40.03328961517409
6485,40.27350956438494
6486,36.694725763916736
6487,17.00287251046193
6488,57.92638132359461
6489,40.39775203084605
6490,34.3335552974719
6491,45.78758713857606
6492,30.128288648996698
6493,20.679802849843234
6494,19.305444537264155
6495,46.203733097323166
6496,39.14838980369484
6497,34.03569745178827
6498,40.016274490558644
6499,39.66451707233254
6500,25.819555494418957
6501,38.49049597192462
6502,37.62166791903551
6503,46.11905489724522
6504,42.11629617380213
6505,41.04719308440841
6506,51.57719823364723
6507,53.18419099789196
6508,35.87794899985774
6509,46.91038543173514
6510,43.18723158613081
6511,42.77610285636958
6512,40.356048997157835
6513,20.634201048083668
6514,35.92964732473667
6515,24.690473409389135
6516,46.582818310710785
6517,33.96174056828674
6518,28.24102872465886
6519,26.271077710504926
6520,40.561563994512355
6521,34.99830190219855
6522,36.85720810942197
6523,39.14838980369484
6524,35.936850136318256
6525,15.814622333894174
6526,33.871941864855174
6527,32.204636115396596
6528,46.503014475068944
6529,32.324071387254925
6530,27.78636062524074
6531,49.805402143326525
6532,18.9128170964618
6533,39.80920202315111
6534,39.874697252905285
6535,46.243800070328945
6536,18.28805245822827
6537,35.67008606077134
6538,34.12350476867597
6539,16.40499380872484
6540,31.82687851197617
6541,16.008773966349782
6542,39.14838980369484
6543,38.43782119850813
6544,39.68098981452442
6545,26.752760787100055
6546,34.60983915785111
6547,35.87750502805364
6548,38.224456748048894
6549,45.706082278210204
6550,16.69621348290706
6551,41.15494069966957
6552,15.060034367478744
6553,16.080261113004838
6554,28.317102816309095
6555,39.124409076440664
6556,44.710511449859645
6557,39.14720107528886
6558,23.807436376254266
6559,40.394294582471616
6560,38.240506158683175
6561,49.15880440888807
6562,37.604232026443
6563,16.09100669209689
6564,55.559624335028886
6565,38.126430400628706
6566,19.95006500364061
6567,34.12693547171051
6568,41.16325906973783
6569,38.955865417098394
6570,45.99849331907133
6571,37.23780587576315
6572,39.22569310900393
6573,43.04953514723378
6574,48.42003418640805
6575,27.99226856996929
6576,39.719815458610945
6577,35.91341621817907
6578,31.319217654830556
6579,38.79643879855813
6580,36.97492868882646
6581,22.044007211395428
6582,39.914806253868214
6583,19.406145756284236
6584,33.94119074096152
6585,40.04197674805111
6586,35.56092047086349
6587,34.042409169701166
6588,46.69295550272362
6589,39.12692553074388
6590,45.34761395083312
6591,40.87049547383383
6592,39.95874935346724
6593,37.69288020506855
6594,39.153804920521594
6595,41.87503532365359
6596,39.65572291666705
6597,39.35330030897079
6598,37.24733084140015
6599,40.185372126717866
6600,35.36837241587429
6601,34.367354390954674
6602,37.0191257086145
6603,36.53754856543268
6604,26.489421496923477
6605,18.729476082264913
6606,46.86208141805848
6607,20.266402894213364
6608,19.24746477618408
6609,37.44935755724435
6610,32.57859942746714
6611,43.784257503706066
6612,19.76195499981013
6613,46.643554402980044
6614,46.54842260013872
6615,37.24733084140015
6616,51.25331378678426
6617,33.77242809256374
6618,19.467354938287336
6619,42.211168088940404
6620,19.696869055232362
6621,40.39775203084605
6622,43.4606972879872
6623,43.296432895391575
6624,16.28827133566606
6625,48.243332315172495
6626,26.83561924437928
6627,29.940986728352375
6628,45.694952591265555
6629,29.863959583746855
6630,35.93620087645744
6631,27.252711737250053
6632,40.228049553606915
6633,20.84164972011077
6634,36.94639058281839
6635,46.80945988923769
6636,15.650917437406738
6637,17.623345829862114
6638,34.40379019401394
6639,34.035848717680175
6640,18.548917312933614
6641,19.24746477618408
6642,39.433088679239255
6643,35.2150639375367
6644,51.25331378678426
6645,46.62667725071626
6646,19.835172130136293
6647,18.842028613066475
6648,46.50007663511227
6649,43.55593164790379
6650,40.25556578551662
6651,18.9128170964618
6652,40.39775203084605
6653,38.270812976397664
6654,17.270432698771092
6655,48.044668475827905
6656,29.16997021039207
6657,40.39775203084605
6658,38.9081872100613
6659,35.75764859385439
6660,39.947494673902916
6661,42.77610285636958
6662,42.60611369926502
6663,45.08370002195876
6664,36.03177998543629
6665,41.98541178110531
6666,15.275543059940555
6667,52.672746383221906
6668,46.813307228019596
6669,39.143051454363764
6670,14.354327689100632
6671,46.678997855512115
6672,20.296092611858008
6673,52.740805136121665
6674,47.3256535547103
6675,37.14080786446678
6676,42.77610285636958
6677,35.113680085734174
6678,33.074341165925624
6679,35.90322494840824
6680,35.93526575775497
6681,18.327586863622155
6682,19.467354938287336
6683,32.724981347178684
6684,44.751891237709
6685,59.08010260121365
6686,40.39775203084605
6687,42.827504606766425
6688,48.287804302577456
6689,19.408197054566077
6690,15.928932456998012
6691,26.735705526845713
6692,47.19580949491781
6693,42.58192952328662
6694,39.195190482540156
6695,43.4606972879872
6696,39.83465852305169
6697,49.1717047281333
6698,40.03328961517409
6699,44.73927637617884
6700,22.593980564651822
6701,15.988527088115358
6702,51.566218145538606
6703,36.41484301840252
6704,47.092204014447496
6705,43.4606972879872
6706,15.02146653271069
6707,16.569707415160277
6708,29.971071666381032
6709,40.25556578551662
6710,16.94648579001548
6711,19.233853829156317
6712,18.705507176407956
6713,34.11731354781421
6714,48.7216349056758
6715,19.163941656371577
6716,41.49549376761519
6717,40.00179422457823
6718,35.10787207531255
6719,34.11731354781421
6720,57.92638132359461
6721,20.50042039457832
6722,23.281498840469617
6723,47.26540770229708
6724,37.97486609439706
6725,25.807964061048942
6726,38.19019229689255
6727,35.92964732473667
6728,45.224782655112186
6729,41.87503532365359
6730,40.356048997157835
6731,35.892124762228164
6732,47.74271460677676
6733,35.113680085734174
6734,35.3579977321319
6735,26.857638262418654
6736,22.735823605273673
6737,40.107829652999435
6738,38.02716709440218
6739,46.55586516207768
6740,46.503014475068944
6741,20.296092611858008
6742,43.5023093467205
6743,47.74687554569512
6744,40.1810420187913
6745,37.764444718524715
6746,35.19317116813835
6747,15.126520824752287
6748,19.408197054566077
6749,49.1717047281333
6750,34.12088870975073
6751,46.4471127386632
6752,37.67201159572488
6753,15.417487374800212
6754,26.06003893070698
6755,40.73262371334145
6756,40.70404279781802
6757,36.231069465821584
6758,36.74551896937051
6759,39.134419856894894
6760,35.49502167842624
6761,33.52163444787862
6762,39.966545150952086
6763,39.47811012934884
6764,25.434195806737335
6765,20.12351654765377
6766,34.38707507370029
6767,55.21283525856465
6768,42.93691056051348
6769,34.48281412304907
6770,36.51605661314203
6771,45.78758713857606
6772,45.34761395083312
6773,35.7859979172173
6774,22.39523501538149
6775,41.20441355283924
6776,18.756390717682184
6777,36.39954652602792
6778,43.01392681105461
6779,39.449629403720365
6780,18.863825830605613
6781,57.450049844369154
6782,25.720459180904122
6783,33.72570274980396
6784,16.73997021225059
6785,18.809428051619484
6786,40.27443843850109
6787,40.87049547383383
6788,18.67858107646384
6789,35.34774772392016
6790,35.61384258396413
6791,41.04719308440841
6792,35.87787108140474
6793,34.7738066180582
6794,46.071117363642465
6795,42.284892266475744
6796,20.223636907808505
6797,16.436055715052014
6798,18.348000977607633
6799,35.258270078802
6800,43.66242099290588
6801,47.56265604961065
6802,35.75036941562904
6803,43.24611990702521
6804,57.92638132359461
6805,18.85814904334998
6806,31.548313827331505
6807,36.045022633471305
6808,48.84925340243302
6809,37.8117763171625
6810,37.46742003475562
6811,15.824082160336456
6812,36.12821894695562
6813,36.05633870209277
6814,39.78164559508043
6815,19.20451521377182
6816,15.701651854410418
6817,36.88353561782011
6818,20.627974390042795
6819,34.415328866302914
6820,34.12088870975073
6821,34.03414532281529
6822,23.644160719909173
6823,39.66789932840608
6824,38.65659911843754
6825,38.692878883011346
6826,15.213712309605759
6827,15.213575861610034
6828,34.11731354781421
6829,59.26560261338718
6830,56.55719312481125
6831,36.72874740414791
6832,58.97501457935243
6833,45.98753760608101
6834,44.88930840890724
6835,25.01951531224403
6836,34.28168545023264
6837,59.49969613359362
6838,16.28827133566606
6839,38.237620151338476
6840,16.499604135722997
6841,33.01560484248595
6842,42.77610285636958
6843,40.90366766906011
6844,36.063881082925974
6845,23.270426558937437
6846,30.817986125885977
6847,19.44759754941398
6848,35.37580503163931
6849,42.482571456724045
6850,20.39594476228038
6851,18.536426129972718
6852,38.49049597192462
6853,34.043845267957856
6854,41.6542853529394
6855,48.603611255091835
6856,37.37263560375397
6857,39.68098981452442
6858,41.0339990111109
6859,27.349368674269925
6860,35.390100904801066
6861,33.81845512224844
6862,43.04953514723378
6863,20.23732227461495
6864,44.4498377432717
6865,40.45889509378734
6866,50.4513478585488
6867,16.091216360077443
6868,31.42730471841861
6869,32.48499665340415
6870,43.69288914203095
6871,42.323836143679515
6872,46.643554402980044
6873,40.681877255867164
6874,39.914806253868214
6875,39.800416970720406
6876,36.02509917369654
6877,20.146797918940727
6878,40.356048997157835
6879,23.016597900960303
6880,46.678997855512115
6881,40.162405566098144
6882,34.24799289492916
6883,14.354327689100632
6884,18.72559148827141
6885,40.411589634392655
6886,28.80597862509999
6887,49.14563174321873
6888,41.03938387857173
6889,46.73412918731444
6890,52.93634981142891
6891,40.26559558760349
6892,39.914806253868214
6893,43.66242099290588
6894,34.38707507370029
6895,56.74065143761967
6896,19.305444537264155
6897,35.37580503163931
6898,33.14438786889475
6899,24.452648238122055
6900,34.04347386095908
6901,19.090319581589085
6902,41.04719308440841
6903,27.826617845118854
6904,37.604232026443
6905,39.86809468604773
6906,44.5894290670132
6907,25.530783289301162
6908,34.48281412304907
6909,37.30862105925299
6910,34.20551600374476
6911,39.22569310900393
6912,39.187953491250695
6913,19.467354938287336
6914,46.80945988923769
6915,36.39828683339035
6916,35.85387916248998
6917,25.819555494418957
6918,16.401576905967225
6919,39.046864175776655
6920,34.164473525372536
6921,40.00776981256477
6922,38.41844896769287
6923,20.296092611858008
6924,49.95481537709637
6925,46.91898867837465
6926,33.72627632574425
6927,30.891026250186883
6928,40.54690213005786
6929,48.80299825874769
6930,44.47366956722876
6931,19.735103770962393
6932,37.39058384858697
6933,34.9763619894544
6934,34.48281412304907
6935,36.210310989005656
6936,23.24171598454913
6937,31.961238420627893
6938,51.52985111154237
6939,41.036498012673114
6940,28.999920943128313
6941,16.037951628531196
6942,20.734999089105067
6943,36.50984074783527
6944,44.34633278859695
6945,28.957919696636473
6946,49.56436546654676
6947,45.041430203151585
6948,36.021219025560306
6949,17.76879156475608
6950,40.19621820639997
6951,36.45684097861763
6952,35.053921640215975
6953,40.324460969045745
6954,35.185515846431755
6955,50.22012609199203
6956,35.63513940667978
6957,18.672176086247863
6958,42.22086705109986
6959,18.5350624763539
6960,44.874403022419074
6961,41.44683684712581
6962,18.9128170964618
6963,35.91341621817907
6964,50.393871244991786
6965,37.80753892865122
6966,53.06442705262073
6967,46.834919183004615
6968,35.54889315224298
6969,35.298631092104785
6970,31.25211439594805
6971,34.48281412304907
6972,37.57663197200539
6973,54.731856623204976
6974,34.11731354781421
6975,27.473819520305028
6976,41.8525543127266
6977,33.14438786889475
6978,21.04458869504663
6979,46.137635019720264
6980,14.963012125889625
6981,22.088091650234084
6982,41.83602491082213
6983,36.90461005107714
6984,39.14838980369484
6985,36.398408527652876
6986,27.320696284377874
6987,57.47339066956863
6988,44.29637357937168
6989,45.58833143630795
6990,34.75845981829009
6991,40.14737173670427
6992,51.712962992205654
6993,37.12511790758121
6994,32.95214891097051
6995,49.60004425754266
6996,19.13837272352213
6997,43.03826171381752
6998,47.43526738035011
6999,19.13837272352213
7000,41.44683684712581
7001,19.95006500364061
7002,23.460241677064538
7003,25.88517352349148
7004,34.984153555757565
7005,19.408197054566077
7006,33.662468642827875
7007,32.953211267348294
7008,41.35628765385487
7009,25.530783289301162
7010,41.6373932580565
7011,27.428806063338055
7012,49.8460083968784
7013,39.12692553074388
7014,45.77682023275939
7015,33.04991593297133
7016,40.02027031076908
7017,40.356048997157835
7018,52.45687950009793
7019,48.337852063327986
7020,17.135672872877347
7021,33.714440011686335
7022,33.8123694556404
7023,38.9285994534566
7024,34.367354390954674
7025,39.68098981452442
7026,41.20441355283924
7027,21.04458869504663
7028,36.09187698535038
7029,35.185515846431755
7030,19.305444537264155
7031,40.87049547383383
7032,43.55593164790379
7033,36.53754856543268
7034,14.563617760142359
7035,34.02985466019108
7036,25.339365265286013
7037,39.14838980369484
7038,16.151924914533012
7039,34.11731354781421
7040,38.48134427672411
7041,37.4806540035208
7042,35.37776034642121
7043,33.959453012461005
7044,47.41410771600452
7045,35.3205650241991
7046,35.37776034642121
7047,40.13426825528224
7048,47.56265604961065
7049,40.1810420187913
7050,34.22388018502354
7051,45.80588501926807
7052,40.47698867420829
7053,39.68098981452442
7054,19.408197054566077
7055,17.16461797370896
7056,33.52163444787862
7057,19.305444537264155
7058,41.75011071319746
7059,36.64672740968165
7060,46.796479764639265
7061,40.356048997157835
7062,46.81150224998142
7063,45.77873750816754
7064,41.72297961766792
7065,22.915447742077184
7066,37.48202612611501
7067,46.85599774783581
7068,40.85084404066582
7069,19.31506982645295
7070,27.29503312982984
7071,32.14918941780619
7072,40.424072456607874
7073,49.08748123694869
7074,36.21686119158672
7075,38.53376121870359
7076,25.720459180904122
7077,48.17302473113108
7078,27.47710267462215
7079,46.86976389497347
7080,35.61384258396413
7081,38.112429174912585
7082,42.77610285636958
7083,39.80094155487447
7084,40.18806805817847
7085,34.11140047073664
7086,39.81560696210522
7087,46.3923780618214
7088,39.2179398843016
7089,39.2179398843016
7090,20.752244947495093
7091,17.22692917946722
7092,35.87750502805364
7093,36.002913612415625
7094,39.914806253868214
7095,49.53471847159133
7096,35.3205650241991
7097,41.236671787191284
7098,42.77610285636958
7099,42.87906430586342
7100,20.68072142550384
7101,20.83799650893206
7102,33.86293415827431
7103,45.466248617709674
7104,39.27251259525778
7105,19.467354938287336
7106,39.66342520121548
7107,40.27350956438494
7108,40.0950273138897
7109,46.56993483341642
7110,48.99559869459655
7111,40.00179422457823
7112,43.3970276104915
7113,37.744014074863024
7114,18.80424792529645
7115,19.65111574558526
7116,48.13941448206023
7117,32.324071387254925
7118,20.945543304849732
7119,15.920242252381906
7120,46.11108075088137
7121,38.947637998640246
7122,22.90161840657464
7123,45.38302133096681
7124,32.55502004940352
7125,48.13941448206023
7126,40.155509798275816
7127,48.57683113713489
7128,18.80424792529645
7129,35.37776034642121
7130,43.83849914548906
7131,51.66666684684494
7132,37.604232026443
7133,38.30305094628816
7134,46.597491220580466
7135,37.24523133806652
7136,48.286731848342114
7137,21.925157817749852
7138,48.20541444582573
7139,39.45370846770295
7140,36.1163898142623
7141,36.82320814923187
7142,46.780390224964265
7143,33.98192400621885
7144,37.73469478905798
7145,19.31506982645295
7146,42.22086705109986
7147,36.553925197859485
7148,38.84329410364101
7149,35.73959987605843
7150,47.74687554569512
7151,37.87052202585698
7152,18.348000977607633
7153,25.092633236664735
7154,27.320696284377874
7155,43.30739689260523
7156,55.72310152840824
7157,41.04719308440841
7158,55.0953283418835
7159,36.26206866652987
7160,46.21752605693117
7161,39.79970805429126
7162,39.2179398843016
7163,43.62884665511452
7164,37.24523133806652
7165,35.04515539702141
7166,35.208672624790395
7167,34.22388018502354
7168,35.53822763624812
7169,34.48281412304907
7170,45.46348208705122
7171,29.667316222145445
7172,45.36366708212822
7173,45.68483103919499
7174,40.19621820639997
7175,56.89762075572219
7176,43.33698621933974
7177,42.77610285636958
7178,27.44058139188933
7179,43.105547292659416
7180,20.280271650788002
7181,35.936850136318256
7182,41.87469113278315
7183,30.601642377503584
7184,19.94968646999128
7185,58.522350674657254
7186,32.95692321791351
7187,40.424072456607874
7188,29.663471852743424
7189,19.467354938287336
7190,21.57177856181836
7191,34.48281412304907
7192,45.1705524778144
7193,38.03845249500431
7194,37.188608992977905
7195,33.52163444787862
7196,46.500345688383405
7197,39.16211544396732
7198,46.275424721947125
7199,33.64397506422491
7200,40.944952826725704
7201,39.95874935346724
7202,35.936850136318256
7203,35.87818597547063
7204,15.85015058456896
7205,19.462988451172542
7206,18.74142587272018
7207,41.78647309264951
7208,34.2381529793732
7209,35.65173600157351
7210,58.06147378483846
7211,20.78318943524498
7212,33.1315039788751
7213,18.464566342095914
7214,35.85387916248998
7215,35.932030564169295
7216,19.264045369467617
7217,51.770329506723115
7218,31.267433008613125
7219,34.164473525372536
7220,18.55726210477409
7221,25.720459180904122
7222,41.31661368244538
7223,44.61670869782921
7224,45.416161759974145
7225,19.21388408584719
7226,39.143051454363764
7227,18.43366065748372
7228,23.460241677064538
7229,32.324071387254925
7230,34.11140047073664
7231,45.627880710694214
7232,45.993810441837695
7233,21.85563316086484
7234,18.348000977607633
7235,34.88596045140654
7236,46.44503663055035
7237,25.759965519895765
7238,36.371787463232316
7239,46.39005721328065
7240,20.945543304849732
7241,27.666360595858414
7242,56.04928234809165
7243,16.753293126500477
7244,35.534125015397684
7245,47.95591247107673
7246,16.093574310071777
7247,41.62776180122849
7248,36.173212017151975
7249,45.08370002195876
7250,39.6084087857095
7251,32.324071387254925
7252,44.819140861274015
7253,45.51034534677557
7254,22.368180220667497
7255,40.14737173670427
7256,51.074501214083014
7257,43.83085412318543
7258,49.077909073371316
7259,47.092204014447496
7260,17.39023831554514
7261,49.379715248478476
7262,36.83086865057891
7263,59.49969613359362
7264,40.40498360512514
7265,37.08314134678032
7266,47.3256535547103
7267,40.02027031076908
7268,40.19621820639997
7269,30.223174974919893
7270,38.06762871521666
7271,44.955141540584194
7272,16.488654287128462
7273,36.50850869353859
7274,33.44862741851843
7275,46.764286580174726
7276,55.02233526423011
7277,43.62884665511452
7278,44.20287412363
7279,42.21661589033123
7280,43.317746727022
7281,46.51773953753701
7282,46.643554402980044
7283,35.22394880152921
7284,35.93620087645744
7285,36.88353561782011
7286,38.224456748048894
7287,19.262635768671295
7288,38.95682430889767
7289,28.27053583872047
7290,44.370480401855616
7291,40.25556578551662
7292,22.753385964993637
7293,41.8432488738326
7294,48.01776604404076
7295,31.3232267493678
7296,19.428073481118076
7297,39.2179398843016
7298,39.674928662113736
7299,15.43799927326254
7300,39.687487792989415
7301,36.75716102719019
7302,39.2174017955816
7303,40.14327041092902
7304,52.30771749337557
7305,39.914806253868214
7306,15.08830667581078
7307,19.25801838461789
7308,40.19621820639997
7309,33.14438786889475
7310,40.87049547383383
7311,40.90991120709904
7312,51.28251604619044
7313,26.20733131421847
7314,31.70778103832787
7315,26.087316064695322
7316,34.042409169701166
7317,41.6373932580565
7318,36.30248448967053
7319,46.48122506047681
7320,40.162405566098144
7321,38.77519596498537
7322,51.04194878030914
7323,31.105035123117183
7324,40.559868790583266
7325,23.24906540928443
7326,39.914806253868214
7327,38.32430535901816
7328,21.04458869504663
7329,40.00179422457823
7330,16.09100669209689
7331,39.68098981452442
7332,38.862153863138204
7333,43.37260176761124
7334,20.39594476228038
7335,39.914806253868214
7336,17.520382775718776
7337,16.837953991070965
7338,18.90790076492496
7339,35.84557655231009
7340,27.167030203298264
7341,43.55593164790379
7342,40.656158407188755
7343,46.31860165595136
7344,33.89477102649689
7345,44.751891237709
7346,18.676959930888295
7347,35.3205650241991
7348,53.891977239804646
7349,16.080261113004838
7350,18.863825830605613
7351,15.155826785249946
7352,35.49502167842624
7353,36.83507692587947
7354,38.490715207470295
7355,46.813307228019596
7356,43.56734692077804
7357,35.95979179887917
7358,37.07378629847782
7359,35.932030564169295
7360,34.38707507370029
7361,48.11046018927465
7362,39.143051454363764
7363,40.02027031076908
7364,60.47405330338338
7365,34.76200048843382
7366,47.193825212047706
7367,49.1531452750132
7368,16.020481610243596
7369,36.68782203028388
7370,20.963924425455637
7371,33.14438786889475
7372,43.66242099290588
7373,19.17316619141556
7374,15.275543059940555
7375,37.600375661166126
7376,37.23440381377214
7377,48.91041887989205
7378,35.585249290283464
7379,19.408197054566077
7380,19.999386008540817
7381,33.52083953891167
7382,18.9128170964618
7383,45.888383579087886
7384,15.820294976167805
7385,26.51397626874991
7386,38.63084428718141
7387,41.508721183971225
7388,34.22388018502354
7389,36.254968651186324
7390,34.193352604254656
7391,24.09941338732982
7392,18.86717726476214
7393,47.74271460677676
7394,33.72627632574425
7395,36.31788730812881
7396,46.313442689485385
7397,44.03348921937072
7398,45.00715130431909
7399,30.267968101592157
7400,38.895480552287744
7401,38.59674498716469
7402,46.137635019720264
7403,48.99946566536347
7404,18.863825830605613
7405,46.38048053768413
7406,34.48281412304907
7407,40.143115698560074
7408,15.874993314574613
7409,43.553699479213854
7410,20.5448448792858
7411,27.47710267462215
7412,20.223636907808505
7413,38.79643879855813
7414,24.75007284780629
7415,44.741791975700934
7416,36.64289020420856
7417,35.34483760913161
7418,40.19621820639997
7419,30.830085784832214
7420,41.682401755846186
7421,35.10530287408272
7422,40.26559558760349
7423,40.39775203084605
7424,33.561403226089006
7425,23.648250524055776
7426,42.20723544137133
7427,50.07027610227069
7428,32.55502004940352
7429,36.06121836460725
7430,49.98909100338884
7431,40.46110406648593
7432,46.62667725071626
7433,49.15880440888807
7434,55.21283525856465
7435,23.6090206831718
7436,18.274875559430857
7437,16.34407455670327
7438,35.71457498946483
7439,39.79970805429126
7440,35.390100904801066
7441,45.61794233270676
7442,41.94929339051809
7443,41.44683684712581
7444,19.204368701289347
7445,32.07042832084406
7446,19.13837272352213
7447,39.14838980369484
7448,19.467354938287336
7449,19.610971558586783
7450,39.12412668331682
7451,20.963924425455637
7452,37.06444821613779
7453,48.51378787365554
7454,38.19019229689255
7455,34.35109739066634
7456,33.01560484248595
7457,47.22968883734351
7458,46.813307228019596
7459,48.37794889050703
7460,40.87049547383383
7461,56.4485376682764
7462,39.95874935346724
7463,43.66079685874835
7464,48.92994124989772
7465,51.05688956033496
7466,16.093574310071777
7467,24.59542810225154
7468,42.77610285636958
7469,43.877541684351314
7470,36.402415803948784
7471,29.949187577201833
7472,51.05688956033496
7473,24.260451616801088
7474,39.947494673902916
7475,36.54617146508355
7476,33.14438786889475
7477,36.07004505167834
7478,25.104781940089794
7479,39.86870017379871
7480,35.60863452481296
7481,33.52163444787862
7482,36.00500365389733
7483,45.67056545659477
7484,37.887816838102374
7485,19.467354938287336
7486,15.916279350301945
7487,48.69594394559047
7488,36.760275003552785
7489,30.223174974919893
7490,18.597166719204374
7491,36.09187698535038
7492,40.27350956438494
7493,18.35046181534659
7494,43.48247326587391
7495,43.4606972879872
7496,45.1024530449229
7497,36.321119045880515
7498,36.18879897693082
7499,18.901063327033278
7500,20.963924425455637
7501,35.92964732473667
7502,39.68098981452442
7503,37.4257258711749
7504,17.0086018068984
7505,36.761081545182634
7506,39.68098981452442
7507,35.87794899985774
7508,17.623345829862114
7509,44.89391955744897
7510,37.935291811419226
7511,22.790465886972363
7512,20.08620629418494
7513,41.92735776343862
7514,40.28138334961194
7515,48.58761786132665
7516,31.728457362782603
7517,37.16522866811952
7518,23.249429302245428
7519,35.585249290283464
7520,31.012984959672036
7521,16.343004331496353
7522,18.250948524389713
7523,40.33364818399416
7524,38.24736645253094
7525,17.610520944926897
7526,15.094784912967421
7527,35.37580503163931
7528,41.87503532365359
7529,19.735103770962393
7530,20.70871726391616
7531,19.76195499981013
7532,39.973176604103
7533,37.55616987107901
7534,41.62776180122849
7535,44.146974328331815
7536,26.76546621123851
7537,19.408197054566077
7538,56.55719312481125
7539,44.96043720013306
7540,35.38996183778316
7541,15.02146653271069
7542,17.06637015538003
7543,35.70189765171657
7544,47.5068424401834
7545,47.79642379048971
7546,21.544390565481553
7547,16.92065116346942
7548,39.57726230623672
7549,21.04458869504663
7550,16.837953991070965
7551,39.52871125545597
7552,44.34633278859695
7553,45.78643524310404
7554,38.34201671293647
7555,54.996864338124134
7556,40.313960157428994
7557,47.47431292819637
7558,34.64630755092814
7559,30.22650260036999
7560,42.864252484082826
7561,40.1010131004702
7562,48.32020842687094
7563,35.14730396145795
7564,39.415880829458146
7565,15.916279350301945
7566,40.850496288525356
7567,38.49049597192462
7568,47.63555093671501
7569,23.164489498709642
7570,26.61130253944337
7571,43.37260176761124
7572,38.79589622616204
7573,59.49969613359362
7574,43.743855797200766
7575,34.0625581381144
7576,18.458321040939442
7577,34.47815246734335
7578,27.028141462801113
7579,22.790465886972363
7580,20.002808807578198
7581,35.932030564169295
7582,40.00179422457823
7583,25.720459180904122
7584,51.58133442368694
7585,46.38496821235627
7586,24.242167697191
7587,26.838281435567986
7588,42.19469405184133
7589,24.363243582391867
7590,46.064265090044486
7591,36.045022633471305
7592,21.04458869504663
7593,49.285710803584905
7594,45.761820703092226
7595,37.822074768709456
7596,43.833183407709804
7597,49.49341397285731
7598,25.05931075144837
7599,35.892124762228164
7600,41.26805432766568
7601,35.56997619052076
7602,35.78211394063769
7603,36.16406783918897
7604,41.89278352498633
7605,16.343687295070488
7606,35.31901347995175
7607,27.320696284377874
7608,46.813307228019596
7609,55.559624335028886
7610,34.48281412304907
7611,44.51916140505384
7612,35.67008606077134
7613,33.998980294976334
7614,34.03470661164693
7615,19.467354938287336
7616,41.44683684712581
7617,29.51587444117799
7618,38.9516422459802
7619,35.587162105440974
7620,32.08796830734285
7621,48.243332315172495
7622,33.21261478413236
7623,39.68098981452442
7624,15.012393690685892
7625,41.074735860598906
7626,40.012262625587994
7627,40.27350956438494
7628,34.24799289492916
7629,34.08270818754072
7630,19.63800665690124
7631,35.34056540193122
7632,38.224456748048894
7633,14.354327689100632
7634,36.71467214029069
7635,25.969696276539416
7636,39.33968437739836
7637,40.14737173670427
7638,19.583583082998786
7639,35.14730396145795
7640,30.223174974919893
7641,19.305444537264155
7642,41.6373932580565
7643,40.14737173670427
7644,39.62166772384135
7645,20.422267802360306
7646,21.24224524182583
7647,35.34056540193122
7648,36.32597687529715
7649,15.56088354654294
7650,51.25331378678426
7651,26.481763177237667
7652,15.782624519007111
7653,42.237664778938424
7654,46.31177855262882
7655,40.232224993417674
7656,44.227433490730206
7657,47.27869947341962
7658,40.407300132365755
7659,45.34906753391308
7660,39.91362904253328
7661,34.07307773113397
7662,39.17421688722513
7663,39.66451707233254
7664,36.944809877167245
7665,35.38464130665597
7666,36.53754856543268
7667,22.20333096967563
7668,56.55719312481125
7669,34.847638516308976
7670,39.14838980369484
7671,14.997009902241018
7672,37.32831823556035
7673,16.852806697014426
7674,25.295522927797087
7675,18.36860489318217
7676,16.891118984116698
7677,27.02736352936018
7678,41.37334214453515
7679,40.356048997157835
7680,41.6373932580565
7681,39.433088679239255
7682,46.1931669039586
7683,38.49049597192462
7684,35.55139135195248
7685,41.34818537337039
7686,34.774395719909336
7687,24.97163739779527
7688,24.509055114552233
7689,35.86477806910192
7690,37.647575167629554
7691,24.260451616801088
7692,47.294086194332316
7693,41.236671787191284
7694,35.497240875449435
7695,34.713937795208665
7696,47.9766804236796
7697,32.88547169986015
7698,40.08912313086477
7699,43.553699479213854
7700,48.436051715147144
7701,41.87503532365359
7702,36.33246878120898
7703,47.32486907398296
7704,16.389240261505563
7705,34.367354390954674
7706,43.99294912074616
7707,41.6542853529394
7708,35.14730396145795
7709,35.14787147728687
7710,34.24799289492916
7711,35.87794899985774
7712,54.731856623204976
7713,32.540599124571415
7714,35.549926482947974
7715,39.02099400880586
7716,26.019194540802165
7717,19.95006500364061
7718,47.363694000913696
7719,14.997009902241018
7720,38.05891469589716
7721,16.355706341871272
7722,40.0950273138897
7723,36.64672740968165
7724,35.81127905777976
7725,15.08830667581078
7726,44.819140861274015
7727,34.451489294518
7728,45.925514376968835
7729,48.13941448206023
7730,39.68098981452442
7731,46.94928057724231
7732,36.0300213435015
7733,57.453173384408345
7734,18.9128170964618
7735,33.80876480842302
7736,23.006632065400872
7737,56.55719312481125
7738,58.97501457935243
7739,40.57477739321594
7740,34.9949590075352
7741,20.399551469675902
7742,36.321119045880515
7743,39.94266181621179
7744,39.68098981452442
7745,33.714440011686335
7746,24.346666996964498
7747,35.22394880152921
7748,22.147278646835808
7749,41.69232572161703
7750,35.81127905777976
7751,33.8301531098798
7752,36.53754856543268
7753,26.51397626874991
7754,40.00169887538273
7755,41.881661713866166
7756,39.90856000377944
7757,34.48281412304907
7758,40.02027031076908
7759,34.980690961466514
7760,43.63531567951034
7761,43.950365693422704
7762,48.13941448206023
7763,18.5350624763539
7764,59.26560261338718
7765,34.1495576434266
7766,41.6373932580565
7767,40.18562839129155
7768,39.143051454363764
7769,36.71857210729572
7770,35.80794018178705
7771,34.469478245910196
7772,46.72218168492974
7773,44.289258812745054
7774,46.73684234046347
7775,40.39775203084605
7776,39.69167993025363
7777,39.433088679239255
7778,19.026640585573084
7779,35.15474867552917
7780,19.20451521377182
7781,34.24799289492916
7782,46.31860165595136
7783,19.95006500364061
7784,34.48281412304907
7785,46.733833345155844
7786,40.785759118288006
7787,40.313960157428994
7788,40.01666814753689
7789,34.48281412304907
7790,16.09100669209689
7791,38.02123879641188
7792,46.42173678456332
7793,37.19418956406283
7794,20.640624981014522
7795,36.661751181706464
7796,58.76066986712387
7797,42.88064920729902
7798,24.781557214416075
7799,19.65111574558526
7800,47.27869947341962
7801,19.735103770962393
7802,16.027415265315135
7803,40.14737173670427
7804,36.37916532302533
7805,39.93789152724892
7806,34.11731354781421
7807,18.9128170964618
7808,38.03845249500431
7809,39.82566979633734
7810,40.407300132365755
7811,38.18228210074828
7812,16.942830985822162
7813,22.687849873393354
7814,36.2127064036114
7815,46.683748332559695
7816,25.819555494418957
7817,34.918326879651715
7818,22.44670504883995
7819,41.44683684712581
7820,43.56447572459883
7821,20.12351654765377
7822,54.64898667306905
7823,19.20451521377182
7824,48.32381030817847
7825,22.12030006518664
7826,49.2222873697278
7827,15.421111859767766
7828,40.66056422763501
7829,15.941654995717908
7830,51.25331378678426
7831,16.536589559369666
7832,35.14730396145795
7833,39.66451707233254
7834,40.02027031076908
7835,34.035848717680175
7836,52.45687950009793
7837,16.74112577686468
7838,33.895110275126896
7839,35.83388120105068
7840,33.80876480842302
7841,39.85095542809645
7842,19.660090701857797
7843,19.241321187423942
7844,33.45756082300489
7845,44.955141540584194
7846,35.67008606077134
7847,39.14434156472939
7848,16.483772701933127
7849,22.75078775490551
7850,26.879664977654876
7851,36.06121836460725
7852,39.93789152724892
7853,33.14438786889475
7854,25.99139045907337
7855,50.39187274577673
7856,34.11140047073664
7857,21.762609191348268
7858,35.16179739469737
7859,44.370480401855616
7860,18.756390717682184
7861,39.93621446340831
7862,36.76547063575255
7863,17.183601953594682
7864,40.266136793782366
7865,16.567191743599885
7866,34.102757460755285
7867,35.549926482947974
7868,31.42730471841861
7869,18.351702392071974
7870,34.22388018502354
7871,14.926080577136725
7872,29.68049012500554
7873,36.19984203099822
7874,34.70465081578509
7875,47.84518010958367
7876,34.48281412304907
7877,18.884414693324842
7878,16.09100669209689
7879,19.233853829156317
7880,18.777875300096564
7881,33.955875406680605
7882,35.05803198337425
7883,46.54727631027575
7884,19.467076376669475
7885,41.04719308440841
7886,19.20451521377182
7887,40.681877255867164
7888,46.47533266099376
7889,38.81909909546129
7890,43.616123610533236
7891,40.25040223513468
7892,26.26877985853695
7893,35.185515846431755
7894,37.079122071600366
7895,48.10437663599318
7896,45.85094444795368
7897,40.33364818399416
7898,40.898780861012256
7899,15.559570095913845
7900,19.408197054566077
7901,37.060501428569246
7902,31.3232267493678
7903,18.3573884765323
7904,49.9161474652252
7905,46.80680342335451
7906,39.143051454363764
7907,59.082751834707004
7908,29.667316222145445
7909,39.68098981452442
7910,42.695077880585146
7911,19.467354938287336
7912,46.06656933790048
7913,34.48281412304907
7914,26.622495249820343
7915,29.80110071215366
7916,46.62667725071626
7917,36.85720810942197
7918,39.52871125545597
7919,38.84976471350655
7920,17.551622435364013
7921,38.35673787766945
7922,43.04953514723378
7923,39.914806253868214
7924,44.40024469752403
7925,46.54727631027575
7926,43.553699479213854
7927,34.12088870975073
7928,35.90032740144336
7929,38.57008023537863
7930,35.46187435914736
7931,56.55719312481125
7932,40.08912313086477
7933,16.09100669209689
7934,45.99094188830892
7935,23.89630020219986
7936,49.08748123694869
7937,18.9128170964618
7938,51.05688956033496
7939,35.93620087645744
7940,39.2179398843016
7941,19.970058117509193
7942,37.16916171316613
7943,33.14438786889475
7944,17.429805082218046
7945,43.55593164790379
7946,36.09187698535038
7947,18.689808709419015
7948,44.751891237709
7949,23.25756549197216
7950,39.81464391673044
7951,20.4792542112777
7952,15.85015058456896
7953,54.64898667306905
7954,36.51605661314203
7955,46.678997855512115
7956,40.45889509378734
7957,16.093574310071777
7958,46.06656933790048
7959,15.092958825733358
7960,49.08748123694869
7961,35.61384258396413
7962,15.885652409182848
7963,40.330437437110476
7964,40.52799343511463
7965,43.03304905821162
7966,42.67879138320969
7967,18.348000977607633
7968,20.864464029282722
7969,39.86870017379871
7970,46.643554402980044
7971,38.1122456262939
7972,27.039969233853395
7973,40.45889509378734
7974,48.69594394559047
7975,40.33284757046356
7976,39.96359104837002
7977,39.94032697460298
7978,41.850222318521325
7979,16.797387354111486
7980,18.348000977607633
7981,40.407300132365755
7982,35.4496896313465
7983,35.113345080104004
7984,17.598065738743422
7985,41.44683684712581
7986,41.30749272385627
7987,46.503014475068944
7988,37.889006827790325
7989,39.14838980369484
7990,20.223636907808505
7991,24.371188065722286
7992,20.234867027386635
7993,54.696767747064015
7994,40.356048997157835
7995,34.45025925114936
7996,36.06065786069588
7997,42.7522885145886
7998,46.527243453851625
7999,37.151423888102144
8000,18.85814904334998
8001,33.52163444787862
8002,39.60294175726471
8003,35.59566519364567
8004,38.79643879855813
8005,40.39775203084605
8006,49.6291376022466
8007,18.5350624763539
8008,35.16487285682547
8009,20.244797671311836
8010,51.25331378678426
8011,18.863825830605613
8012,35.67008606077134
8013,35.50483398395785
8014,34.24799289492916
8015,15.941654995717908
8016,38.515736037278394
8017,39.73535999981381
8018,46.341126638386534
8019,17.655064348529308
8020,31.337033412409426
8021,35.1728226659197
8022,16.907768657573246
8023,35.315375292850455
8024,19.408197054566077
8025,34.91516337411479
8026,45.61402291500181
8027,34.22388018502354
8028,40.34376945612189
8029,17.632518191978598
8030,40.244367194781866
8031,29.940986728352375
8032,35.755987869729985
8033,40.67087452287221
8034,40.08912313086477
8035,16.681711867479862
8036,46.52013806997881
8037,46.956562051407914
8038,21.69693848170229
8039,35.54889315224298
8040,51.47234495210439
8041,20.679802849843234
8042,40.27443843850109
8043,21.04458869504663
8044,33.388957676677464
8045,34.47343142469258
8046,34.974046080221946
8047,55.05134900435244
8048,40.33364818399416
8049,18.907862014843992
8050,38.30688212140186
8051,39.2174017955816
8052,30.223174974919893
8053,39.8239003002868
8054,57.453173384408345
8055,45.850891931802764
8056,24.509055114552233
8057,35.585249290283464
8058,17.419843235016863
8059,32.6888572380733
8060,46.20940304122236
8061,36.24270043583742
8062,38.438181876636776
8063,45.34761395083312
8064,37.055976369026816
8065,40.155509798275816
8066,24.509055114552233
8067,35.49502167842624
8068,37.24733084140015
8069,44.819140861274015
8070,23.249429302245428
8071,49.25501810213825
8072,57.453173384408345
8073,40.14737173670427
8074,40.02027031076908
8075,26.0722366972376
8076,31.42730471841861
8077,20.12351654765377
8078,23.39733944200764
8079,20.889982536047977
8080,45.78758713857606
8081,45.36604770839777
8082,42.77610285636958
8083,48.10832639187642
8084,45.72678024179673
8085,30.06592449249577
8086,18.55453941648205
8087,35.67008606077134
8088,34.11140047073664
8089,20.889982536047977
8090,40.04197674805111
8091,41.51705711814276
8092,34.22388018502354
8093,45.34761395083312
8094,48.243332315172495
8095,34.411716368679755
8096,17.68476469868714
8097,19.408197054566077
8098,34.48281412304907
8099,23.485353980315466
8100,38.605095798231694
8101,46.950881333037685
8102,19.305444537264155
8103,47.07480328548861
8104,43.35012580997195
8105,24.093372971834583
8106,36.725497811114494
8107,35.39106883541003
8108,39.6084087857095
8109,18.85814904334998
8110,35.37580503163931
8111,38.78555703879684
8112,49.39300701177008
8113,43.24044465618863
8114,30.407970020801553
8115,41.44683684712581
8116,39.397472899643574
8117,21.523982609489785
8118,40.162405566098144
8119,55.12441684695381
8120,35.390100904801066
8121,15.561349420305211
8122,33.319376365414435
8123,44.08028865350984
8124,29.685064433963515
8125,35.549926482947974
8126,22.753385964993637
8127,39.15443346035899
8128,32.5877223165214
8129,59.26560261338718
8130,40.81051523230518
8131,39.2179398843016
8132,16.43637796238216
8133,34.042409169701166
8134,18.468641931384376
8135,19.305444537264155
8136,36.64672740968165
8137,50.98920486355488
8138,40.012262625587994
8139,39.162148815218465
8140,25.092633236664735
8141,34.85927724737611
8142,19.305444537264155
8143,25.052967325616024
8144,44.4589126431476
8145,48.49629701545877
8146,40.944952826725704
8147,51.28251604619044
8148,25.432015719614736
8149,48.354729936263965
8150,51.13603189778229
8151,30.817986125885977
8152,19.07121247652494
8153,19.656741079507846
8154,35.229702474001144
8155,26.087316064695322
8156,46.91898867837465
8157,40.1810420187913
8158,41.49616260688406
8159,23.644160719909173
8160,42.80097418052341
8161,48.71088785241245
8162,47.363694000913696
8163,45.34761395083312
8164,39.623147311505875
8165,21.64685638126643
8166,36.48690407922307
8167,54.86449926520078
8168,33.96174056828674
8169,35.67008606077134
8170,31.82447592119159
8171,46.06656933790048
8172,15.977768621248675
8173,40.28853784652416
8174,34.486117379093784
8175,19.467076376669475
8176,47.74271460677676
8177,24.390603339651285
8178,23.353764890911986
8179,36.30471122236639
8180,44.95684345977315
8181,19.127583695814952
8182,42.77610285636958
8183,24.778685317891433
8184,35.65481915309722
8185,48.20541444582573
8186,23.164489498709642
8187,35.52995397132365
8188,14.997009902241018
8189,18.39746379366202
8190,46.76110563053014
8191,19.92468822530465
8192,24.567128545513825
8193,35.85387916248998
8194,41.84683242879255
8195,25.179996460671166
8196,45.944379397029664
8197,45.21928904209203
8198,42.797923677898936
8199,38.78218286500858
8200,27.159813370931033
8201,45.663574300745985
8202,34.436738501589275
8203,19.646477578724088
8204,43.803935866706816
8205,33.00925335809235
8206,54.27103580781117
8207,59.26560261338718
8208,45.889936098192535
8209,56.36586319233014
8210,56.75424585813298
8211,19.24746477618408
8212,16.09100669209689
8213,39.973176604103
8214,43.153891224059834
8215,36.824194094820115
8216,39.66451707233254
8217,42.797984547036876
8218,35.016608544115016
8219,35.390100904801066
8220,31.3232267493678
8221,40.27443843850109
8222,34.12088870975073
8223,25.052967325616024
8224,46.01824607033841
8225,35.87794899985774
8226,50.53464169785142
8227,47.73111041038364
8228,34.367354390954674
8229,20.541418382377497
8230,40.95586956856158
8231,33.14438786889475
8232,47.17550021403118
8233,43.708129541244325
8234,40.14737173670427
8235,37.43919309310247
8236,34.774395719909336
8237,35.7074255211597
8238,19.971447375434302
8239,28.69448255297622
8240,45.20228898842166
8241,16.19781985489395
8242,48.737068255145324
8243,39.64952952126203
8244,39.92739324366431
8245,49.527072200597175
8246,37.24733084140015
8247,35.24385932983842
8248,49.94146785739102
8249,33.53637535382883
8250,19.224175217208494
8251,47.5068424401834
8252,42.52478207954427
8253,35.52709336996212
8254,40.14737173670427
8255,37.313906033148754
8256,25.969696276539416
8257,35.67008606077134
8258,40.942025478227016
8259,27.568760735725654
8260,19.08494304213671
8261,43.950365693422704
8262,36.83654401418708
8263,16.09100669209689
8264,43.64180265978178
8265,22.90161840657464
8266,52.02454656338364
8267,46.33380112969664
8268,20.15695140198139
8269,35.585249290283464
8270,25.904702140019857
8271,19.053367601572052
8272,39.377013540382144
8273,19.408197054566077
8274,41.85251081123892
8275,26.59986005413768
8276,39.01757550416407
8277,40.02027031076908
8278,23.164489498709642
8279,15.101619454240932
8280,45.263334981171354
8281,36.49540639920496
8282,26.00711164495353
8283,35.549926482947974
8284,34.60983915785111
8285,22.088091650234084
8286,34.41798109628873
8287,25.720459180904122
8288,34.60983915785111
8289,15.08830667581078
8290,18.854289346322
8291,19.467354938287336
8292,36.04638594548067
8293,39.93621446340831
8294,35.49502167842624
8295,37.30469243966664
8296,25.22890363862861
8297,46.4471127386632
8298,34.850725566613406
8299,39.433088679239255
8300,23.818524671136004
8301,49.28440010263516
8302,36.86601810131801
8303,35.92964732473667
8304,45.77682023275939
8305,47.46394923767811
8306,39.93621446340831
8307,45.77682023275939
8308,15.024696507109095
8309,38.01028699306739
8310,47.52113103156336
8311,43.73981402154932
8312,29.533098664907527
8313,41.85251081123892
8314,16.059186312361994
8315,34.774395719909336
8316,34.12088870975073
8317,40.01234722473101
8318,40.27350956438494
8319,19.656741079507846
8320,29.04179023988612
8321,43.153891224059834
8322,20.320904612893862
8323,44.459043777077376
8324,50.225301762862124
8325,45.46348208705122
8326,40.21874923568301
8327,33.76090117280779
8328,44.690179490599256
8329,17.62983506038507
8330,15.820294976167805
8331,44.888388756793134
8332,46.503014475068944
8333,51.05688956033496
8334,39.12692553074388
8335,47.57693557883958
8336,20.4792542112777
8337,40.075869263432
8338,36.57543405750481
8339,19.089736468920627
8340,40.00602425996101
8341,27.47710267462215
8342,37.69288020506855
8343,33.88949828841236
8344,40.27443843850109
8345,44.06501447385631
8346,14.963012125889625
8347,26.271077710504926
8348,50.58249194063653
8349,36.69442602766494
8350,25.434195806737335
8351,46.91898867837465
8352,36.078193022645436
8353,42.096926376647545
8354,42.695077880585146
8355,46.03130449057848
8356,44.198802490819865
8357,41.15847198974133
8358,39.205711772369966
8359,37.55055108821579
8360,42.57612858627072
8361,16.364526312459713
8362,46.259590587491694
8363,47.618532136344655
8364,36.50089989751276
8365,18.349697989520855
8366,37.033997179720586
8367,16.117159512037855
8368,39.95874935346724
8369,39.24782709937657
8370,35.390100904801066
8371,52.03698335137879
8372,41.356313956739896
8373,33.5862083964221
8374,43.04953514723378
8375,34.48281412304907
8376,25.01951531224403
8377,38.984186656596044
8378,30.382191288064867
8379,40.944952826725704
8380,40.681877255867164
8381,33.89758703209907
8382,46.81663554699904
8383,26.620372156566056
8384,33.475864220035845
8385,39.93789152724892
8386,35.34774772392016
8387,44.91541196862912
8388,37.79239428944094
8389,39.14838980369484
8390,33.47952103999556
8391,35.585249290283464
8392,58.74895617727069
8393,37.16916171316613
8394,38.236774556514526
8395,32.953211267348294
8396,35.55727639238691
8397,33.54243257632992
8398,40.1442182643825
8399,52.28386395368769
8400,39.947494673902916
8401,37.46346471224584
8402,35.646611355046495
8403,46.47085141386074
8404,16.95360925746636
8405,46.11108075088137
8406,40.45889509378734
8407,46.10838953017658
8408,36.49991015908711
8409,38.195856765361384
8410,34.21113409008965
8411,40.060161580255205
8412,27.252711737250053
8413,39.47855323093399
8414,34.86013230825405
8415,34.69249463798352
8416,39.12862466172085
8417,34.11731354781421
8418,36.28541372933188
8419,45.931190194683985
8420,36.162674399707356
8421,38.95210110899602
8422,44.76943296785473
8423,24.509055114552233
8424,23.648250524055776
8425,36.75810682262631
8426,39.66308824515208
8427,31.938584005200436
8428,35.37776034642121
8429,45.778571436625626
8430,16.28113431743738
8431,41.000984639992325
8432,15.820294976167805
8433,40.189775563522105
8434,38.879578189918334
8435,17.576726547413028
8436,19.98252411958327
8437,46.23052657811748
8438,26.271077710504926
8439,28.509975998638378
8440,33.097185746832665
8441,30.817986125885977
8442,33.46591012689008
8443,19.428073481118076
8444,30.99919506476457
8445,39.68098981452442
8446,46.11108075088137
8447,40.944952826725704
8448,43.72002251098006
8449,20.08620629418494
8450,54.87536205539867
8451,19.98189897147053
8452,40.19621820639997
8453,33.52163444787862
8454,47.55615720955541
8455,55.04378474342343
8456,41.851460018277706
8457,46.32385076449829
8458,17.447624918786396
8459,19.305444537264155
8460,35.527845947500225
8461,40.02027031076908
8462,20.023876463149154
8463,34.48281412304907
8464,36.42520866077917
8465,26.087316064695322
8466,46.643554402980044
8467,34.48281412304907
8468,41.50225900886173
8469,46.87886467101841
8470,39.68098981452442
8471,16.45854601521389
8472,35.85387916248998
8473,37.39730094088869
8474,59.49969613359362
8475,35.390100904801066
8476,22.915447742077184
8477,35.71457498946483
8478,39.66451707233254
8479,20.244797671311836
8480,33.28702037205433
8481,39.66451707233254
8482,40.08912313086477
8483,18.348000977607633
8484,52.54734694642326
8485,39.377013540382144
8486,48.15468751735047
8487,19.24385757969346
8488,47.36238194597003
8489,43.153891224059834
8490,23.451565212323214
8491,35.72869424522731
8492,40.081243433787876
8493,41.62776180122849
8494,19.101876587654047
8495,37.65592174308544
8496,48.21508287495038
8497,44.321346116265
8498,43.55593164790379
8499,19.95006500364061
8500,34.989322738425145
8501,46.378645453748064
8502,40.155509798275816
8503,19.44759754941398
8504,24.941463110551304
8505,47.11069583276353
8506,42.48941700049812
8507,56.55719312481125
8508,46.503014475068944
8509,48.53293342534877
8510,20.31554665173429
8511,24.07230351979937
8512,36.72621522434413
8513,58.804050363854934
8514,47.9504114481604
8515,19.965758757919566
8516,38.648884011300105
8517,34.28168545023264
8518,24.781557214416075
8519,19.408197054566077
8520,43.78258293149474
8521,40.37611446034846
8522,25.969696276539416
8523,24.509055114552233
8524,43.18053829033496
8525,26.72555959905077
8526,45.20990183096158
8527,34.44054123628607
8528,49.00002063825907
8529,19.408197054566077
8530,51.08569883049207
8531,24.484441100092177
8532,21.889397218712816
8533,18.78722061829702
8534,40.45889509378734
8535,22.717224515126773
8536,40.356048997157835
8537,19.467354938287336
8538,42.656145702183025
8539,36.56634407777521
8540,16.150508662726995
8541,20.263381761905812
8542,39.1209007856736
8543,22.85239139874013
8544,27.320696284377874
8545,44.459043777077376
8546,33.52163444787862
8547,37.05209772894536
8548,19.71375053199018
8549,51.399814921400605
8550,20.950513597179246
8551,45.34761395083312
8552,36.60836948940043
8553,23.961025223994554
8554,31.3232267493678
8555,39.973176604103
8556,41.87503532365359
8557,48.436051715147144
8558,39.68098981452442
8559,48.970687874689865
8560,18.9128170964618
8561,41.6542853529394
8562,47.74687554569512
8563,34.415328866302914
8564,38.59569546773898
8565,46.08383059324771
8566,18.39746379366202
8567,28.509435836824956
8568,39.68098981452442
8569,40.784759703989266
8570,26.70350955748169
8571,43.202152158448314
8572,27.660252699717716
8573,23.298789101450502
8574,44.44149330934555
8575,41.03938387857173
8576,34.0820180505692
8577,45.416161759974145
8578,38.354789428419814
8579,40.01538601433864
8580,35.989736648647806
8581,41.87503532365359
8582,43.4606972879872
8583,39.674928662113736
8584,37.12454160130283
8585,39.68098981452442
8586,44.4498377432717
8587,38.34584380896523
8588,41.32850976113265
8589,40.356048997157835
8590,26.622495249820343
8591,45.67837039595041
8592,37.69288020506855
8593,33.52163444787862
8594,39.17583583076616
8595,24.74672761170669
8596,19.740154173409127
8597,40.012262625587994
8598,43.99294912074616
8599,39.66789932840608
8600,45.34761395083312
8601,34.24799289492916
8602,15.820294976167805
8603,20.091004932309836
8604,29.667897039440057
8605,49.527072200597175
8606,29.360733822796124
8607,39.83726480507374
8608,21.22079042456702
8609,15.916279350301945
8610,50.62916835389357
8611,58.76066986712387
8612,34.451489294518
8613,37.26814981989192
8614,59.49969613359362
8615,38.731718488737116
8616,36.24004138929199
8617,49.527072200597175
8618,27.384772934235095
8619,43.83849914548906
8620,46.1334792725845
8621,15.125512758803174
8622,17.68476469868714
8623,34.426590760421846
8624,19.722563261009096
8625,24.915293320362693
8626,36.189818661895686
8627,30.817986125885977
8628,39.88502891886466
8629,19.37999619760879
8630,36.57940612408779
8631,46.503014475068944
8632,37.64954831666227
8633,45.34761395083312
8634,19.104462193185775
8635,60.47405330338338
8636,36.732356549555575
8637,35.81428250481739
8638,45.98726756792559
8639,41.05929554696038
8640,34.48281412304907
8641,38.19019229689255
8642,59.49969613359362
8643,43.296432895391575
8644,47.774779959018794
8645,44.77521957069734
8646,37.94570152287384
8647,50.53464169785142
8648,39.947494673902916
8649,32.00635559463202
8650,21.700047787218473
8651,36.39828683339035
8652,39.377013540382144
8653,20.002417431312203
8654,38.03845249500431
8655,49.42903651712298
8656,26.271077710504926
8657,38.49049597192462
8658,16.809549632338605
8659,24.80420142837025
8660,16.882149524651624
8661,34.99768576924112
8662,38.49049597192462
8663,41.6542853529394
8664,19.77404725263866
8665,40.02027031076908
8666,39.2661968950023
8667,46.268843234008294
8668,45.34761395083312
8669,58.02411563464093
8670,19.363155381215286
8671,39.993977068991015
8672,18.899074364151172
8673,41.85251081123892
8674,41.62776180122849
8675,37.39989973135988
8676,22.088091650234084
8677,40.70603700202014
8678,20.04346125325629
8679,34.042409169701166
8680,20.552221244820586
8681,39.76847749578919
8682,47.00967897468179
8683,35.739177479467884
8684,44.48968856876939
8685,15.213712309605759
8686,30.072500044848635
8687,24.828979247861746
8688,35.51436844012958
8689,35.3205650241991
8690,23.30943479216969
8691,40.1442182643825
8692,47.74687554569512
8693,29.863959583746855
8694,15.988527088115358
8695,35.585249290283464
8696,15.337539231599271
8697,18.5350624763539
8698,34.367354390954674
8699,40.356048997157835
8700,27.08318548719607
8701,35.23675468875249
8702,39.66451707233254
8703,23.83435389150091
8704,46.275424721947125
8705,23.648250524055776
8706,46.68152847513129
8707,26.340656061904134
8708,43.4606972879872
8709,49.15880440888807
8710,46.36892277207331
8711,38.224456748048894
8712,40.25556578551662
8713,36.93416934932428
8714,35.919279298400774
8715,35.59566519364567
8716,20.39594476228038
8717,38.85592188250726
8718,22.368951267117044
8719,14.963012125889625
8720,40.26559558760349
8721,36.045022633471305
8722,38.94041745169985
8723,38.49049597192462
8724,20.696560917757544
8725,35.59566519364567
8726,18.55453941648205
8727,49.24121336744434
8728,44.56661449136783
8729,34.48281412304907
8730,46.76110563053014
8731,24.80420142837025
8732,48.2212561481398
8733,46.527243453851625
8734,35.95813948464859
8735,41.825869220672004
8736,41.62776180122849
8737,39.433088679239255
8738,54.64898667306905
8739,19.72616465242283
8740,34.11140047073664
8741,35.62910550333345
8742,19.017427575599317
8743,52.228488512328774
8744,51.696376611791095
8745,43.553699479213854
8746,43.55307891217784
8747,19.778225672995102
8748,46.194569689654315
8749,46.79420801959501
8750,16.087822901450046
8751,35.61384258396413
8752,35.6355471801751
8753,16.351332770644696
8754,35.23040924674366
8755,36.07193797856613
8756,42.038879715227054
8757,41.27030344399087
8758,37.94570152287384
8759,24.133781545396992
8760,16.080261113004838
8761,42.460915503181354
8762,50.21854019696665
8763,43.87246631432163
8764,39.11713295226343
8765,57.1258070358743
8766,39.12692553074388
8767,23.89630020219986
8768,38.39789481124439
8769,35.141629558506416
8770,37.46277692050809
8771,19.735103770962393
8772,20.703566212374003
8773,44.79526775774276
8774,36.188104805996545
8775,20.533771832053827
8776,15.445369089674642
8777,52.54734694642326
8778,36.2278727041649
8779,21.569106884559854
8780,22.78696123496698
8781,44.13712270350489
8782,51.25331378678426
8783,35.93526575775497
8784,17.02800696787255
8785,42.99244352723465
8786,40.681877255867164
8787,32.324071387254925
8788,57.1918953297102
8789,18.80424792529645
8790,38.277773900220545
8791,39.143051454363764
8792,38.79643879855813
8793,56.36586319233014
8794,34.60983915785111
8795,36.00500365389733
8796,19.76195499981013
8797,35.34620468717384
8798,18.689808709419015
8799,47.41410771600452
8800,39.800416970720406
8801,46.647947385473664
8802,39.082150084271554
8803,14.354327689100632
8804,23.391716575933863
8805,43.99294912074616
8806,34.99830190219855
8807,17.655064348529308
8808,35.67008606077134
8809,19.406145756284236
8810,35.34056540193122
8811,43.553699479213854
8812,48.22689452740354
8813,22.556339994108345
8814,38.48716428547999
8815,39.64477681912012
8816,44.394946663808504
8817,41.85251081123892
8818,41.03938387857173
8819,37.207707832193066
8820,23.249429302245428
8821,19.204368701289347
8822,17.16461797370896
8823,37.9313425526384
8824,35.37776034642121
8825,40.28425639095741
8826,19.583583082998786
8827,40.70404279781802
8828,39.28196589307106
8829,46.27086968934559
8830,42.836781017887695
8831,45.8099632247736
8832,40.13853229197514
8833,19.442428221809195
8834,43.83085412318543
8835,58.61924454028973
8836,46.26952258245677
8837,41.87503532365359
8838,51.62471357366678
8839,53.8664458406779
8840,19.467354938287336
8841,15.977768621248675
8842,43.153891224059834
8843,36.984814810815955
8844,39.52785139421975
8845,43.653089280650065
8846,15.68195333897386
8847,46.11108075088137
8848,34.928601535336156
8849,15.928932456998012
8850,54.44037951576619
8851,45.8099632247736
8852,16.407216812333665
8853,34.48281412304907
8854,16.09100669209689
8855,40.01666814753689
8856,23.89630020219986
8857,46.91898867837465
8858,21.21060176731192
8859,57.1258070358743
8860,59.26560261338718
8861,16.091216360077443
8862,56.55719312481125
8863,46.720873322144634
8864,33.86229583371228
8865,38.32261593993683
8866,37.1942206267061
8867,20.04346125325629
8868,15.989877087850047
8869,15.370585472577494
8870,38.651032854583995
8871,40.87490535705358
8872,41.86312413722243
8873,21.638668357130026
8874,24.36767678001879
8875,16.95360925746636
8876,26.06686490804025
8877,47.03911809709005
8878,33.55432773248902
8879,22.44670504883995
8880,37.165566391379016
8881,34.35934809557835
8882,40.39775203084605
8883,45.78891495214074
8884,38.862153863138204
8885,42.790247114202856
8886,35.49502167842624
8887,20.04346125325629
8888,14.963012125889625
8889,36.00500365389733
8890,46.39005721328065
8891,24.984917684477818
8892,20.002808807578198
8893,19.408197054566077
8894,38.79643879855813
8895,19.364932708612542
8896,35.936850136318256
8897,37.117938404260975
8898,18.697283049722927
8899,23.818524671136004
8900,30.26367020118527
8901,31.89643662804526
8902,41.6373932580565
8903,19.835172130136293
8904,39.914806253868214
8905,29.68049012500554
8906,15.061698702244206
8907,40.681877255867164
8908,15.820294976167805
8909,16.633119084617967
8910,37.909367684451844
8911,40.01666814753689
8912,46.62667725071626
8913,39.794497758221084
8914,58.24711690595014
8915,36.56634407777521
8916,35.92964732473667
8917,18.756390717682184
8918,35.49502167842624
8919,15.382697574113132
8920,15.570152930867394
8921,39.914806253868214
8922,57.92638132359461
8923,46.053649833226864
8924,39.947494673902916
8925,34.48281412304907
8926,35.94034546206767
8927,40.35635198286574
8928,39.92739324366431
8929,44.06501447385631
8930,43.453529596924895
8931,19.408197054566077
8932,47.74687554569512
8933,58.77625821330719
8934,44.127051411722015
8935,20.244797671311836
8936,49.42903651712298
8937,32.93540080148507
8938,43.453529596924895
8939,45.60018275562428
8940,35.49502167842624
8941,46.30083856123656
8942,55.559624335028886
8943,18.59559995233923
8944,20.152899672118053
8945,38.21645224146299
8946,35.61384258396413
8947,19.140084661831192
8948,40.356048997157835
8949,26.81347013564623
8950,20.091004932309836
8951,32.087221977052664
8952,39.66451707233254
8953,46.01378267420601
8954,33.14438786889475
8955,39.800416970720406
8956,39.958373539804306
8957,41.796564538716964
8958,39.914806253868214
8959,15.292258832950628
8960,40.01538601433864
8961,36.1237860934176
8962,40.685176014191924
8963,20.421681534668913
8964,40.356048997157835
8965,41.01628116881941
8966,17.16461797370896
8967,34.30369250648717
8968,35.921306259614305
8969,38.515736037278394
8970,16.091216360077443
8971,56.55719312481125
8972,43.83849914548906
8973,37.68632764723206
8974,37.604232026443
8975,35.49502167842624
8976,15.785014828877783
8977,19.467354938287336
8978,60.71089884972864
8979,40.14737173670427
8980,36.061270126988475
8981,30.817986125885977
8982,20.945543304849732
8983,19.31506982645295
8984,57.92638132359461
8985,40.03431927741968
8986,46.67386714814107
8987,43.85254803666121
8988,15.257429621623734
8989,19.854273227245237
8990,20.640379133354735
8991,28.317102816309095
8992,35.892124762228164
8993,39.674928662113736
8994,39.22569310900393
8995,18.925785190014825
8996,35.97109251153643
8997,44.146974328331815
8998,42.82233310386518
8999,47.5621378379306
9000,46.08521584159177
9001,17.655064348529308
9002,47.579035922090284
9003,40.02027031076908
9004,19.20451521377182
9005,40.356048997157835
9006,17.22692917946722
9007,34.35722203714305
9008,35.87787108140474
9009,38.96663060778095
9010,32.953211267348294
9011,21.828974793862574
